{
    "_vcs_unit__142797285": [
        "_vcs_unit__142797285",
        "M204q",
        "module",
        1
    ],
    "std": [
        "std",
        "reYIK",
        "module",
        3
    ],
    "test": [
        "test",
        "x9Hvb",
        "module",
        5
    ],
    "tbench_top": [
        "tbench_top",
        "Mk7In",
        "module",
        6
    ],
    "AXI_AW_INTF": [
        "AXI_AW_INTF",
        "bFvkb",
        "module",
        7
    ],
    "AXI_W_INTF": [
        "AXI_W_INTF",
        "dQ6S0",
        "module",
        8
    ],
    "AXI_B_INTF": [
        "AXI_B_INTF",
        "cquvG",
        "module",
        9
    ],
    "AXI_AR_INTF": [
        "AXI_AR_INTF",
        "ZNusf",
        "module",
        10
    ],
    "AXI_R_INTF": [
        "AXI_R_INTF",
        "wrPqu",
        "module",
        11
    ],
    "APB_INTF": [
        "APB_INTF",
        "x4kpU",
        "module",
        12
    ],
    "STREAM_INTF": [
        "STREAM_INTF",
        "aGhrY",
        "module",
        13
    ],
    "SOP_GEN": [
        "SOP_GEN",
        "V6tu9",
        "module",
        14
    ],
    "COMP_TOP": [
        "COMP_TOP",
        "cC4cc",
        "module",
        15
    ],
    "BPC_COMP": [
        "BPC_COMP",
        "FKGyK",
        "module",
        16
    ],
    "DBX_ENC": [
        "DBX_ENC",
        "rZsWf",
        "module",
        17
    ],
    "SR_COMP": [
        "SR_COMP",
        "Vuc3a",
        "module",
        18
    ],
    "ZRL_CODEBUF": [
        "ZRL_CODEBUF",
        "RmRix",
        "module",
        19
    ],
    "DECOMP_TOP": [
        "DECOMP_TOP",
        "HFw5N",
        "module",
        20
    ],
    "DECODER_GROUP_0000": [
        "DECODER_GROUP_0000",
        "uf157",
        "module",
        21
    ],
    "DECODER": [
        "DECODER",
        "DyHpn",
        "module",
        22
    ],
    "...MASTER...": [
        "SIM",
        "amcQw",
        "module",
        2
    ]
}